image,imageVersion,sshClient,sshClientVersion,clientIdentificationString,hassh,hasshVersion,hasshAlgorithms
debian,"sid-slim",dropbear,"2018.76-4","SSH-2.0-dropbear_2018.76",e22efe3cde8b396b874c3f13fdb6c61a,"0.4","curve25519-sha256,curve25519-sha256@libssh.org,ecdh-sha2-nistp521,ecdh-sha2-nistp384,ecdh-sha2-nistp256,diffie-hellman-group14-sha256,diffie-hellman-group14-sha1,diffie-hellman-group1-sha1,kexguess2@matt.ucc.asn.au;aes128-ctr,aes256-ctr,aes128-cbc,aes256-cbc,3des-ctr,3des-cbc;hmac-sha1-96,hmac-sha1,hmac-sha2-256;zlib@openssh.com,zlib,none"
debian,"buster-slim",dropbear,"2018.76-4","SSH-2.0-dropbear_2018.76",e22efe3cde8b396b874c3f13fdb6c61a,"0.4","curve25519-sha256,curve25519-sha256@libssh.org,ecdh-sha2-nistp521,ecdh-sha2-nistp384,ecdh-sha2-nistp256,diffie-hellman-group14-sha256,diffie-hellman-group14-sha1,diffie-hellman-group1-sha1,kexguess2@matt.ucc.asn.au;aes128-ctr,aes256-ctr,aes128-cbc,aes256-cbc,3des-ctr,3des-cbc;hmac-sha1-96,hmac-sha1,hmac-sha2-256;zlib@openssh.com,zlib,none"
debian,"stretch-slim",dropbear,"2016.74-5","SSH-2.0-dropbear_2016.74",7742887e2a57712bdb91a772093f54ce,"0.4","curve25519-sha256@libssh.org,ecdh-sha2-nistp521,ecdh-sha2-nistp384,ecdh-sha2-nistp256,diffie-hellman-group14-sha1,diffie-hellman-group1-sha1,kexguess2@matt.ucc.asn.au;aes128-ctr,aes256-ctr,aes128-cbc,aes256-cbc,twofish256-cbc,twofish-cbc,twofish128-cbc,3des-ctr,3des-cbc;hmac-sha1-96,hmac-sha1,hmac-sha2-256,hmac-sha2-512,hmac-md5;zlib@openssh.com,zlib,none"
debian,"jessie-slim",dropbear,"2014.65-1+deb8u2","SSH-2.0-dropbear_2014.65",ad00edb0c2a031d9884826ba7b7ba41e,"0.4","curve25519-sha256@libssh.org,ecdh-sha2-nistp521,ecdh-sha2-nistp384,ecdh-sha2-nistp256,diffie-hellman-group1-sha1,diffie-hellman-group14-sha1,kexguess2@matt.ucc.asn.au;aes128-ctr,3des-ctr,aes256-ctr,aes128-cbc,3des-cbc,aes256-cbc,twofish256-cbc,twofish-cbc,twofish128-cbc;hmac-sha1-96,hmac-sha1,hmac-md5;zlib,zlib@openssh.com,none"
debian,"jessie-slim",dropbear,"2014.65-1+deb8u3","SSH-2.0-dropbear_2014.65",ad00edb0c2a031d9884826ba7b7ba41e,"0.4","curve25519-sha256@libssh.org,ecdh-sha2-nistp521,ecdh-sha2-nistp384,ecdh-sha2-nistp256,diffie-hellman-group1-sha1,diffie-hellman-group14-sha1,kexguess2@matt.ucc.asn.au;aes128-ctr,3des-ctr,aes256-ctr,aes128-cbc,3des-cbc,aes256-cbc,twofish256-cbc,twofish-cbc,twofish128-cbc;hmac-sha1-96,hmac-sha1,hmac-md5;zlib,zlib@openssh.com,none"
debian,"wheezy-slim",dropbear,"2012.55-1.3","SSH-2.0-dropbear_2012.55",16f898dd8ed8279e1055350b4e20666c,"0.4","diffie-hellman-group1-sha1,diffie-hellman-group14-sha1;aes128-ctr,3des-ctr,aes256-ctr,aes128-cbc,3des-cbc,aes256-cbc,twofish256-cbc,twofish-cbc,twofish128-cbc;hmac-sha1-96,hmac-sha1,hmac-md5;zlib,zlib@openssh.com,none"
debian,"wheezy-slim",dropbear,"2012.55-1.3+deb7u2","SSH-2.0-dropbear_2012.55",16f898dd8ed8279e1055350b4e20666c,"0.4","diffie-hellman-group1-sha1,diffie-hellman-group14-sha1;aes128-ctr,3des-ctr,aes256-ctr,aes128-cbc,3des-cbc,aes256-cbc,twofish256-cbc,twofish-cbc,twofish128-cbc;hmac-sha1-96,hmac-sha1,hmac-md5;zlib,zlib@openssh.com,none"
ubuntu,"18.04",dropbear,"2017.75-3build1","SSH-2.0-dropbear_2017.75",7742887e2a57712bdb91a772093f54ce,"0.4","curve25519-sha256@libssh.org,ecdh-sha2-nistp521,ecdh-sha2-nistp384,ecdh-sha2-nistp256,diffie-hellman-group14-sha1,diffie-hellman-group1-sha1,kexguess2@matt.ucc.asn.au;aes128-ctr,aes256-ctr,aes128-cbc,aes256-cbc,twofish256-cbc,twofish-cbc,twofish128-cbc,3des-ctr,3des-cbc;hmac-sha1-96,hmac-sha1,hmac-sha2-256,hmac-sha2-512,hmac-md5;zlib@openssh.com,zlib,none"
ubuntu,"16.04",dropbear,"2016.72-1","SSH-2.0-dropbear_2016.72",7742887e2a57712bdb91a772093f54ce,"0.4","curve25519-sha256@libssh.org,ecdh-sha2-nistp521,ecdh-sha2-nistp384,ecdh-sha2-nistp256,diffie-hellman-group14-sha1,diffie-hellman-group1-sha1,kexguess2@matt.ucc.asn.au;aes128-ctr,aes256-ctr,aes128-cbc,aes256-cbc,twofish256-cbc,twofish-cbc,twofish128-cbc,3des-ctr,3des-cbc;hmac-sha1-96,hmac-sha1,hmac-sha2-256,hmac-sha2-512,hmac-md5;zlib@openssh.com,zlib,none"
ubuntu,"14.04",dropbear,"2013.60-1ubuntu2","SSH-2.0-dropbear_2013.60",22865d7159a8dedcb091cd4fc5fd2841,"0.4","diffie-hellman-group1-sha1,diffie-hellman-group14-sha1,kexguess2@matt.ucc.asn.au;aes128-ctr,3des-ctr,aes256-ctr,aes128-cbc,3des-cbc,aes256-cbc,twofish256-cbc,twofish-cbc,twofish128-cbc;hmac-sha1-96,hmac-sha1,hmac-md5;zlib,zlib@openssh.com,none"
alpine,"3.8","dropbear-dbclient","2018.76-r2","SSH-2.0-dropbear_2018.76",e22efe3cde8b396b874c3f13fdb6c61a,"0.4","curve25519-sha256,curve25519-sha256@libssh.org,ecdh-sha2-nistp521,ecdh-sha2-nistp384,ecdh-sha2-nistp256,diffie-hellman-group14-sha256,diffie-hellman-group14-sha1,diffie-hellman-group1-sha1,kexguess2@matt.ucc.asn.au;aes128-ctr,aes256-ctr,aes128-cbc,aes256-cbc,3des-ctr,3des-cbc;hmac-sha1-96,hmac-sha1,hmac-sha2-256;zlib@openssh.com,zlib,none"
alpine,"3.7","dropbear-dbclient","2017.75-r1","SSH-2.0-dropbear_2017.75",7742887e2a57712bdb91a772093f54ce,"0.4","curve25519-sha256@libssh.org,ecdh-sha2-nistp521,ecdh-sha2-nistp384,ecdh-sha2-nistp256,diffie-hellman-group14-sha1,diffie-hellman-group1-sha1,kexguess2@matt.ucc.asn.au;aes128-ctr,aes256-ctr,aes128-cbc,aes256-cbc,twofish256-cbc,twofish-cbc,twofish128-cbc,3des-ctr,3des-cbc;hmac-sha1-96,hmac-sha1,hmac-sha2-256,hmac-sha2-512,hmac-md5;zlib@openssh.com,zlib,none"
alpine,"3.5","dropbear-dbclient","2017.75-r0","SSH-2.0-dropbear_2017.75",7742887e2a57712bdb91a772093f54ce,"0.4","curve25519-sha256@libssh.org,ecdh-sha2-nistp521,ecdh-sha2-nistp384,ecdh-sha2-nistp256,diffie-hellman-group14-sha1,diffie-hellman-group1-sha1,kexguess2@matt.ucc.asn.au;aes128-ctr,aes256-ctr,aes128-cbc,aes256-cbc,twofish256-cbc,twofish-cbc,twofish128-cbc,3des-ctr,3des-cbc;hmac-sha1-96,hmac-sha1,hmac-sha2-256,hmac-sha2-512,hmac-md5;zlib@openssh.com,zlib,none"
python,"3.6-alpine",paramiko,"1.13.0","SSH-2.0-paramiko_1.13.0",b05dfbbf26090c7792d4aa6b76cd1f1a,"0.4","diffie-hellman-group1-sha1,diffie-hellman-group-exchange-sha1;aes128-ctr,aes256-ctr,aes128-cbc,blowfish-cbc,aes256-cbc,3des-cbc,arcfour128,arcfour256;hmac-sha1,hmac-md5,hmac-sha1-96,hmac-md5-96;none"
python,"3.6-alpine",paramiko,"1.14.0","SSH-2.0-paramiko_1.14.0",b05dfbbf26090c7792d4aa6b76cd1f1a,"0.4","diffie-hellman-group1-sha1,diffie-hellman-group-exchange-sha1;aes128-ctr,aes256-ctr,aes128-cbc,blowfish-cbc,aes256-cbc,3des-cbc,arcfour128,arcfour256;hmac-sha1,hmac-md5,hmac-sha1-96,hmac-md5-96;none"
python,"3.6-alpine",paramiko,"1.15.0","SSH-2.0-paramiko_1.15.0",d72f74b08466652d162ca02ad197b9ad,"0.4","diffie-hellman-group14-sha1,diffie-hellman-group-exchange-sha1,diffie-hellman-group1-sha1;aes128-ctr,aes256-ctr,aes128-cbc,blowfish-cbc,aes256-cbc,3des-cbc,arcfour128,arcfour256;hmac-sha1,hmac-md5,hmac-sha1-96,hmac-md5-96;none"
python,"3.6-alpine",paramiko,"1.16.0","SSH-2.0-paramiko_1.16.0",c6f5e6d54285a11b9f02fef7fc77bd6f,"0.4","diffie-hellman-group1-sha1,diffie-hellman-group14-sha1,diffie-hellman-group-exchange-sha1,diffie-hellman-group-exchange-sha256;aes128-ctr,aes192-ctr,aes256-ctr,aes128-cbc,blowfish-cbc,aes192-cbc,aes256-cbc,3des-cbc,arcfour128,arcfour256;hmac-sha2-256,hmac-sha2-512,hmac-md5,hmac-sha1-96,hmac-md5-96,hmac-sha1;none"
python,"3.6-alpine",paramiko,"1.17.0","SSH-2.0-paramiko_1.17.0",c6f5e6d54285a11b9f02fef7fc77bd6f,"0.4","diffie-hellman-group1-sha1,diffie-hellman-group14-sha1,diffie-hellman-group-exchange-sha1,diffie-hellman-group-exchange-sha256;aes128-ctr,aes192-ctr,aes256-ctr,aes128-cbc,blowfish-cbc,aes192-cbc,aes256-cbc,3des-cbc,arcfour128,arcfour256;hmac-sha2-256,hmac-sha2-512,hmac-md5,hmac-sha1-96,hmac-md5-96,hmac-sha1;none"
python,"3.6-alpine",paramiko,"1.18.0","SSH-2.0-paramiko_1.18.0",c6f5e6d54285a11b9f02fef7fc77bd6f,"0.4","diffie-hellman-group1-sha1,diffie-hellman-group14-sha1,diffie-hellman-group-exchange-sha1,diffie-hellman-group-exchange-sha256;aes128-ctr,aes192-ctr,aes256-ctr,aes128-cbc,blowfish-cbc,aes192-cbc,aes256-cbc,3des-cbc,arcfour128,arcfour256;hmac-sha2-256,hmac-sha2-512,hmac-md5,hmac-sha1-96,hmac-md5-96,hmac-sha1;none"
python,"3.6-alpine",paramiko,"2.0.0","SSH-2.0-paramiko_2.0.0",c6f5e6d54285a11b9f02fef7fc77bd6f,"0.4","diffie-hellman-group1-sha1,diffie-hellman-group14-sha1,diffie-hellman-group-exchange-sha1,diffie-hellman-group-exchange-sha256;aes128-ctr,aes192-ctr,aes256-ctr,aes128-cbc,blowfish-cbc,aes192-cbc,aes256-cbc,3des-cbc,arcfour128,arcfour256;hmac-sha2-256,hmac-sha2-512,hmac-md5,hmac-sha1-96,hmac-md5-96,hmac-sha1;none"
python,"3.6-alpine",paramiko,"2.1.0","SSH-2.0-paramiko_2.1.0",c6f5e6d54285a11b9f02fef7fc77bd6f,"0.4","diffie-hellman-group1-sha1,diffie-hellman-group14-sha1,diffie-hellman-group-exchange-sha1,diffie-hellman-group-exchange-sha256;aes128-ctr,aes192-ctr,aes256-ctr,aes128-cbc,blowfish-cbc,aes192-cbc,aes256-cbc,3des-cbc,arcfour128,arcfour256;hmac-sha2-256,hmac-sha2-512,hmac-md5,hmac-sha1-96,hmac-md5-96,hmac-sha1;none"
python,"3.6-alpine",paramiko,"2.2.0","SSH-2.0-paramiko_2.2.0",b5752e36ba6c5979a575e43178908adf,"0.4","ecdh-sha2-nistp256,ecdh-sha2-nistp384,ecdh-sha2-nistp521,diffie-hellman-group-exchange-sha256,diffie-hellman-group-exchange-sha1,diffie-hellman-group14-sha1,diffie-hellman-group1-sha1;aes128-ctr,aes192-ctr,aes256-ctr,aes128-cbc,aes192-cbc,aes256-cbc,blowfish-cbc,3des-cbc;hmac-sha2-256,hmac-sha2-512,hmac-sha1,hmac-md5,hmac-sha1-96,hmac-md5-96;none"
python,"3.6-alpine",paramiko,"2.3.0","SSH-2.0-paramiko_2.3.0",b5752e36ba6c5979a575e43178908adf,"0.4","ecdh-sha2-nistp256,ecdh-sha2-nistp384,ecdh-sha2-nistp521,diffie-hellman-group-exchange-sha256,diffie-hellman-group-exchange-sha1,diffie-hellman-group14-sha1,diffie-hellman-group1-sha1;aes128-ctr,aes192-ctr,aes256-ctr,aes128-cbc,aes192-cbc,aes256-cbc,blowfish-cbc,3des-cbc;hmac-sha2-256,hmac-sha2-512,hmac-sha1,hmac-md5,hmac-sha1-96,hmac-md5-96;none"
python,"3.6-alpine",paramiko,"2.4.1","SSH-2.0-paramiko_2.4.1",b5752e36ba6c5979a575e43178908adf,"0.4","ecdh-sha2-nistp256,ecdh-sha2-nistp384,ecdh-sha2-nistp521,diffie-hellman-group-exchange-sha256,diffie-hellman-group-exchange-sha1,diffie-hellman-group14-sha1,diffie-hellman-group1-sha1;aes128-ctr,aes192-ctr,aes256-ctr,aes128-cbc,aes192-cbc,aes256-cbc,blowfish-cbc,3des-cbc;hmac-sha2-256,hmac-sha2-512,hmac-sha1,hmac-md5,hmac-sha1-96,hmac-md5-96;none"
centos,7,"openssh-clients","7.4p1-16.el7","SSH-2.0-OpenSSH_7.4",ec9ea89c70f5fc71cf61061bff5e4740,"0.4","curve25519-sha256,curve25519-sha256@libssh.org,ecdh-sha2-nistp256,ecdh-sha2-nistp384,ecdh-sha2-nistp521,diffie-hellman-group-exchange-sha256,diffie-hellman-group16-sha512,diffie-hellman-group18-sha512,diffie-hellman-group-exchange-sha1,diffie-hellman-group14-sha256,diffie-hellman-group14-sha1,diffie-hellman-group1-sha1,ext-info-c;chacha20-poly1305@openssh.com,aes128-ctr,aes192-ctr,aes256-ctr,aes128-gcm@openssh.com,aes256-gcm@openssh.com,aes128-cbc,aes192-cbc,aes256-cbc;umac-64-etm@openssh.com,umac-128-etm@openssh.com,hmac-sha2-256-etm@openssh.com,hmac-sha2-512-etm@openssh.com,hmac-sha1-etm@openssh.com,umac-64@openssh.com,umac-128@openssh.com,hmac-sha2-256,hmac-sha2-512,hmac-sha1;none,zlib@openssh.com,zlib"
centos,6,"openssh-clients","5.3p1-123.el6_9","SSH-2.0-OpenSSH_5.3",3646f4d62498cd92721bd242ce988a42,"0.4","diffie-hellman-group-exchange-sha256,diffie-hellman-group-exchange-sha1,diffie-hellman-group14-sha1,diffie-hellman-group1-sha1;aes128-ctr,aes192-ctr,aes256-ctr,aes128-cbc,3des-cbc,blowfish-cbc,cast128-cbc,aes192-cbc,aes256-cbc,rijndael-cbc@lysator.liu.se;hmac-sha1,umac-64@openssh.com,hmac-sha2-256,hmac-sha2-512,hmac-ripemd160,hmac-ripemd160@openssh.com,hmac-sha1-96;none,zlib@openssh.com,zlib"
fedora,rawhide,"openssh-clients","7.8p1-2.fc30","SSH-2.0-OpenSSH_7.8",4eea4239dc591cbf6e661a656ae9d58c,"0.4","curve25519-sha256@libssh.org,ecdh-sha2-nistp256,ecdh-sha2-nistp384,ecdh-sha2-nistp521,diffie-hellman-group-exchange-sha256,diffie-hellman-group16-sha512,diffie-hellman-group18-sha512,diffie-hellman-group-exchange-sha1,diffie-hellman-group14-sha1,ext-info-c;aes256-gcm@openssh.com,chacha20-poly1305@openssh.com,aes256-ctr,aes256-cbc,aes128-gcm@openssh.com,aes128-ctr,aes128-cbc;hmac-sha2-256-etm@openssh.com,hmac-sha1-etm@openssh.com,umac-128-etm@openssh.com,hmac-sha2-512-etm@openssh.com,hmac-sha2-256,hmac-sha1,umac-128@openssh.com,hmac-sha2-512;none,zlib@openssh.com,zlib"
fedora,29,"openssh-clients","7.8p1-1.fc29","SSH-2.0-OpenSSH_7.8",4eea4239dc591cbf6e661a656ae9d58c,"0.4","curve25519-sha256@libssh.org,ecdh-sha2-nistp256,ecdh-sha2-nistp384,ecdh-sha2-nistp521,diffie-hellman-group-exchange-sha256,diffie-hellman-group16-sha512,diffie-hellman-group18-sha512,diffie-hellman-group-exchange-sha1,diffie-hellman-group14-sha1,ext-info-c;aes256-gcm@openssh.com,chacha20-poly1305@openssh.com,aes256-ctr,aes256-cbc,aes128-gcm@openssh.com,aes128-ctr,aes128-cbc;hmac-sha2-256-etm@openssh.com,hmac-sha1-etm@openssh.com,umac-128-etm@openssh.com,hmac-sha2-512-etm@openssh.com,hmac-sha2-256,hmac-sha1,umac-128@openssh.com,hmac-sha2-512;none,zlib@openssh.com,zlib"
fedora,28,"openssh-clients","7.7p1-2.fc28","SSH-2.0-OpenSSH_7.7",4eea4239dc591cbf6e661a656ae9d58c,"0.4","curve25519-sha256@libssh.org,ecdh-sha2-nistp256,ecdh-sha2-nistp384,ecdh-sha2-nistp521,diffie-hellman-group-exchange-sha256,diffie-hellman-group16-sha512,diffie-hellman-group18-sha512,diffie-hellman-group-exchange-sha1,diffie-hellman-group14-sha1,ext-info-c;aes256-gcm@openssh.com,chacha20-poly1305@openssh.com,aes256-ctr,aes256-cbc,aes128-gcm@openssh.com,aes128-ctr,aes128-cbc;hmac-sha2-256-etm@openssh.com,hmac-sha1-etm@openssh.com,umac-128-etm@openssh.com,hmac-sha2-512-etm@openssh.com,hmac-sha2-256,hmac-sha1,umac-128@openssh.com,hmac-sha2-512;none,zlib@openssh.com,zlib"
fedora,27,"openssh-clients","7.5p1-5.fc27","SSH-2.0-OpenSSH_7.5",82a9e17b13a816a13b8c8bfe1b5cf030,"0.4","curve25519-sha256@libssh.org,ecdh-sha2-nistp256,ecdh-sha2-nistp384,ecdh-sha2-nistp521,diffie-hellman-group-exchange-sha256,diffie-hellman-group-exchange-sha1,diffie-hellman-group14-sha1,ext-info-c;aes256-gcm@openssh.com,chacha20-poly1305@openssh.com,aes256-ctr,aes256-cbc,aes128-gcm@openssh.com,aes128-ctr,aes128-cbc,3des-cbc;umac-128-etm@openssh.com,hmac-sha1-etm@openssh.com,hmac-sha2-256-etm@openssh.com,hmac-sha2-512-etm@openssh.com,umac-128@openssh.com,hmac-sha1,hmac-sha2-256,hmac-sha2-512;none,zlib@openssh.com,zlib"
fedora,26,"openssh-clients","7.5p1-2.fc26","SSH-2.0-OpenSSH_7.5",251479d8057683f8201e4a52b80a75ff,"0.4","curve25519-sha256@libssh.org,ecdh-sha2-nistp256,ecdh-sha2-nistp384,ecdh-sha2-nistp521,diffie-hellman-group-exchange-sha256,diffie-hellman-group-exchange-sha1,diffie-hellman-group14-sha1,ext-info-c;aes256-gcm@openssh.com,chacha20-poly1305@openssh.com,aes256-ctr,aes256-cbc,aes128-gcm@openssh.com,aes128-ctr,aes128-cbc,3des-cbc;umac-128-etm@openssh.com,umac-128@openssh.com,hmac-sha1-etm@openssh.com,hmac-sha1,hmac-sha2-256-etm@openssh.com,hmac-sha2-256,hmac-sha2-512-etm@openssh.com,hmac-sha2-512;none,zlib@openssh.com,zlib"
debian,"sid-slim","openssh-client","1:7.8p1-1","SSH-2.0-OpenSSH_7.8p1 Debian-1",ec7378c1a92f5a8dde7e8b7a1ddf33d1,"0.4","curve25519-sha256,curve25519-sha256@libssh.org,ecdh-sha2-nistp256,ecdh-sha2-nistp384,ecdh-sha2-nistp521,diffie-hellman-group-exchange-sha256,diffie-hellman-group16-sha512,diffie-hellman-group18-sha512,diffie-hellman-group14-sha256,diffie-hellman-group14-sha1,ext-info-c;chacha20-poly1305@openssh.com,aes128-ctr,aes192-ctr,aes256-ctr,aes128-gcm@openssh.com,aes256-gcm@openssh.com;umac-64-etm@openssh.com,umac-128-etm@openssh.com,hmac-sha2-256-etm@openssh.com,hmac-sha2-512-etm@openssh.com,hmac-sha1-etm@openssh.com,umac-64@openssh.com,umac-128@openssh.com,hmac-sha2-256,hmac-sha2-512,hmac-sha1;none,zlib@openssh.com,zlib"
debian,"buster-slim","openssh-client","1:7.8p1-1","SSH-2.0-OpenSSH_7.8p1 Debian-1",ec7378c1a92f5a8dde7e8b7a1ddf33d1,"0.4","curve25519-sha256,curve25519-sha256@libssh.org,ecdh-sha2-nistp256,ecdh-sha2-nistp384,ecdh-sha2-nistp521,diffie-hellman-group-exchange-sha256,diffie-hellman-group16-sha512,diffie-hellman-group18-sha512,diffie-hellman-group14-sha256,diffie-hellman-group14-sha1,ext-info-c;chacha20-poly1305@openssh.com,aes128-ctr,aes192-ctr,aes256-ctr,aes128-gcm@openssh.com,aes256-gcm@openssh.com;umac-64-etm@openssh.com,umac-128-etm@openssh.com,hmac-sha2-256-etm@openssh.com,hmac-sha2-512-etm@openssh.com,hmac-sha1-etm@openssh.com,umac-64@openssh.com,umac-128@openssh.com,hmac-sha2-256,hmac-sha2-512,hmac-sha1;none,zlib@openssh.com,zlib"
debian,"stretch-slim","openssh-client","1:7.4p1-10+deb9u4","SSH-2.0-OpenSSH_7.4p1 Debian-10+deb9u4",0df0d56bb50c6b2426d8d40234bf1826,"0.4","curve25519-sha256,curve25519-sha256@libssh.org,ecdh-sha2-nistp256,ecdh-sha2-nistp384,ecdh-sha2-nistp521,diffie-hellman-group-exchange-sha256,diffie-hellman-group16-sha512,diffie-hellman-group18-sha512,diffie-hellman-group-exchange-sha1,diffie-hellman-group14-sha256,diffie-hellman-group14-sha1,ext-info-c;chacha20-poly1305@openssh.com,aes128-ctr,aes192-ctr,aes256-ctr,aes128-gcm@openssh.com,aes256-gcm@openssh.com,aes128-cbc,aes192-cbc,aes256-cbc;umac-64-etm@openssh.com,umac-128-etm@openssh.com,hmac-sha2-256-etm@openssh.com,hmac-sha2-512-etm@openssh.com,hmac-sha1-etm@openssh.com,umac-64@openssh.com,umac-128@openssh.com,hmac-sha2-256,hmac-sha2-512,hmac-sha1;none,zlib@openssh.com,zlib"
debian,"jessie-slim","openssh-client","1:6.7p1-5+deb8u4","SSH-2.0-OpenSSH_6.7p1 Debian-5+deb8u4",46c5bd9748882f1a5d75753fb7d47a61,"0.4","curve25519-sha256@libssh.org,ecdh-sha2-nistp256,ecdh-sha2-nistp384,ecdh-sha2-nistp521,diffie-hellman-group-exchange-sha256,diffie-hellman-group14-sha1,diffie-hellman-group-exchange-sha1,diffie-hellman-group1-sha1;aes128-ctr,aes192-ctr,aes256-ctr,aes128-gcm@openssh.com,aes256-gcm@openssh.com,chacha20-poly1305@openssh.com,arcfour256,arcfour128,aes128-cbc,3des-cbc,blowfish-cbc,cast128-cbc,aes192-cbc,aes256-cbc,arcfour,rijndael-cbc@lysator.liu.se;umac-64-etm@openssh.com,umac-128-etm@openssh.com,hmac-sha2-256-etm@openssh.com,hmac-sha2-512-etm@openssh.com,hmac-sha1-etm@openssh.com,umac-64@openssh.com,umac-128@openssh.com,hmac-sha2-256,hmac-sha2-512,hmac-sha1,hmac-md5-etm@openssh.com,hmac-ripemd160-etm@openssh.com,hmac-sha1-96-etm@openssh.com,hmac-md5-96-etm@openssh.com,hmac-md5,hmac-ripemd160,hmac-ripemd160@openssh.com,hmac-sha1-96,hmac-md5-96;none,zlib@openssh.com,zlib"
debian,"jessie-slim","openssh-client","1:6.7p1-5+deb8u7","SSH-2.0-OpenSSH_6.7p1 Debian-5+deb8u7",46c5bd9748882f1a5d75753fb7d47a61,"0.4","curve25519-sha256@libssh.org,ecdh-sha2-nistp256,ecdh-sha2-nistp384,ecdh-sha2-nistp521,diffie-hellman-group-exchange-sha256,diffie-hellman-group14-sha1,diffie-hellman-group-exchange-sha1,diffie-hellman-group1-sha1;aes128-ctr,aes192-ctr,aes256-ctr,aes128-gcm@openssh.com,aes256-gcm@openssh.com,chacha20-poly1305@openssh.com,arcfour256,arcfour128,aes128-cbc,3des-cbc,blowfish-cbc,cast128-cbc,aes192-cbc,aes256-cbc,arcfour,rijndael-cbc@lysator.liu.se;umac-64-etm@openssh.com,umac-128-etm@openssh.com,hmac-sha2-256-etm@openssh.com,hmac-sha2-512-etm@openssh.com,hmac-sha1-etm@openssh.com,umac-64@openssh.com,umac-128@openssh.com,hmac-sha2-256,hmac-sha2-512,hmac-sha1,hmac-md5-etm@openssh.com,hmac-ripemd160-etm@openssh.com,hmac-sha1-96-etm@openssh.com,hmac-md5-96-etm@openssh.com,hmac-md5,hmac-ripemd160,hmac-ripemd160@openssh.com,hmac-sha1-96,hmac-md5-96;none,zlib@openssh.com,zlib"
debian,"wheezy-backports","openssh-client","1:6.6p1-4~bpo70+1","SSH-2.0-OpenSSH_6.6.1p1 Debian-4~bpo70+1",e30029a55fea2fcd3501023fb659bfae,"0.4","curve25519-sha256@libssh.org,ecdh-sha2-nistp256,ecdh-sha2-nistp384,ecdh-sha2-nistp521,diffie-hellman-group-exchange-sha256,diffie-hellman-group-exchange-sha1,diffie-hellman-group14-sha1,diffie-hellman-group1-sha1;aes128-ctr,aes192-ctr,aes256-ctr,arcfour256,arcfour128,aes128-gcm@openssh.com,aes256-gcm@openssh.com,chacha20-poly1305@openssh.com,aes128-cbc,3des-cbc,blowfish-cbc,cast128-cbc,aes192-cbc,aes256-cbc,arcfour,rijndael-cbc@lysator.liu.se;hmac-md5-etm@openssh.com,hmac-sha1-etm@openssh.com,umac-64-etm@openssh.com,umac-128-etm@openssh.com,hmac-sha2-256-etm@openssh.com,hmac-sha2-512-etm@openssh.com,hmac-ripemd160-etm@openssh.com,hmac-sha1-96-etm@openssh.com,hmac-md5-96-etm@openssh.com,hmac-md5,hmac-sha1,umac-64@openssh.com,umac-128@openssh.com,hmac-sha2-256,hmac-sha2-512,hmac-ripemd160,hmac-ripemd160@openssh.com,hmac-sha1-96,hmac-md5-96;none,zlib@openssh.com,zlib"
debian,"wheezy-slim","openssh-client","1:6.0p1-4+deb7u4","SSH-2.0-OpenSSH_6.0p1 Debian-4+deb7u4",c0216580c330eab8906d740d31f761a8,"0.4","ecdh-sha2-nistp256,ecdh-sha2-nistp384,ecdh-sha2-nistp521,diffie-hellman-group-exchange-sha256,diffie-hellman-group-exchange-sha1,diffie-hellman-group14-sha1,diffie-hellman-group1-sha1;aes128-ctr,aes192-ctr,aes256-ctr,arcfour256,arcfour128,aes128-cbc,3des-cbc,blowfish-cbc,cast128-cbc,aes192-cbc,aes256-cbc,arcfour,rijndael-cbc@lysator.liu.se;hmac-md5,hmac-sha1,umac-64@openssh.com,hmac-sha2-256,hmac-sha2-256-96,hmac-sha2-512,hmac-sha2-512-96,hmac-ripemd160,hmac-ripemd160@openssh.com,hmac-sha1-96,hmac-md5-96;none,zlib@openssh.com,zlib"
debian,"wheezy-slim","openssh-client","1:6.0p1-4+deb7u7","SSH-2.0-OpenSSH_6.0p1 Debian-4+deb7u7",c0216580c330eab8906d740d31f761a8,"0.4","ecdh-sha2-nistp256,ecdh-sha2-nistp384,ecdh-sha2-nistp521,diffie-hellman-group-exchange-sha256,diffie-hellman-group-exchange-sha1,diffie-hellman-group14-sha1,diffie-hellman-group1-sha1;aes128-ctr,aes192-ctr,aes256-ctr,arcfour256,arcfour128,aes128-cbc,3des-cbc,blowfish-cbc,cast128-cbc,aes192-cbc,aes256-cbc,arcfour,rijndael-cbc@lysator.liu.se;hmac-md5,hmac-sha1,umac-64@openssh.com,hmac-sha2-256,hmac-sha2-256-96,hmac-sha2-512,hmac-sha2-512-96,hmac-ripemd160,hmac-ripemd160@openssh.com,hmac-sha1-96,hmac-md5-96;none,zlib@openssh.com,zlib"
ubuntu,"18.10","openssh-client","1:7.7p1-4","SSH-2.0-OpenSSH_7.7p1 Ubuntu-4",06046964c022c6407d15a27b12a6a4fb,"0.4","curve25519-sha256,curve25519-sha256@libssh.org,ecdh-sha2-nistp256,ecdh-sha2-nistp384,ecdh-sha2-nistp521,diffie-hellman-group-exchange-sha256,diffie-hellman-group16-sha512,diffie-hellman-group18-sha512,diffie-hellman-group-exchange-sha1,diffie-hellman-group14-sha256,diffie-hellman-group14-sha1,ext-info-c;chacha20-poly1305@openssh.com,aes128-ctr,aes192-ctr,aes256-ctr,aes128-gcm@openssh.com,aes256-gcm@openssh.com;umac-64-etm@openssh.com,umac-128-etm@openssh.com,hmac-sha2-256-etm@openssh.com,hmac-sha2-512-etm@openssh.com,hmac-sha1-etm@openssh.com,umac-64@openssh.com,umac-128@openssh.com,hmac-sha2-256,hmac-sha2-512,hmac-sha1;none,zlib@openssh.com,zlib"
ubuntu,"18.04","openssh-client","1:7.6p1-4","SSH-2.0-OpenSSH_7.6p1 Ubuntu-4",06046964c022c6407d15a27b12a6a4fb,"0.4","curve25519-sha256,curve25519-sha256@libssh.org,ecdh-sha2-nistp256,ecdh-sha2-nistp384,ecdh-sha2-nistp521,diffie-hellman-group-exchange-sha256,diffie-hellman-group16-sha512,diffie-hellman-group18-sha512,diffie-hellman-group-exchange-sha1,diffie-hellman-group14-sha256,diffie-hellman-group14-sha1,ext-info-c;chacha20-poly1305@openssh.com,aes128-ctr,aes192-ctr,aes256-ctr,aes128-gcm@openssh.com,aes256-gcm@openssh.com;umac-64-etm@openssh.com,umac-128-etm@openssh.com,hmac-sha2-256-etm@openssh.com,hmac-sha2-512-etm@openssh.com,hmac-sha1-etm@openssh.com,umac-64@openssh.com,umac-128@openssh.com,hmac-sha2-256,hmac-sha2-512,hmac-sha1;none,zlib@openssh.com,zlib"
ubuntu,"16.04","openssh-client","1:7.2p2-4ubuntu2.4","SSH-2.0-OpenSSH_7.2p2 Ubuntu-4ubuntu2.4",68e0ba85e1a818f7c49ea3f4b849bd15,"0.4","curve25519-sha256@libssh.org,ecdh-sha2-nistp256,ecdh-sha2-nistp384,ecdh-sha2-nistp521,diffie-hellman-group-exchange-sha256,diffie-hellman-group-exchange-sha1,diffie-hellman-group14-sha1,ext-info-c;chacha20-poly1305@openssh.com,aes128-ctr,aes192-ctr,aes256-ctr,aes128-gcm@openssh.com,aes256-gcm@openssh.com,aes128-cbc,aes192-cbc,aes256-cbc,3des-cbc;umac-64-etm@openssh.com,umac-128-etm@openssh.com,hmac-sha2-256-etm@openssh.com,hmac-sha2-512-etm@openssh.com,hmac-sha1-etm@openssh.com,umac-64@openssh.com,umac-128@openssh.com,hmac-sha2-256,hmac-sha2-512,hmac-sha1;none,zlib@openssh.com,zlib"
ubuntu,"14.04","openssh-client","1:6.6p1-2ubuntu2.10","SSH-2.0-OpenSSH_6.6.1p1 Ubuntu-2ubuntu2.10",e30029a55fea2fcd3501023fb659bfae,"0.4","curve25519-sha256@libssh.org,ecdh-sha2-nistp256,ecdh-sha2-nistp384,ecdh-sha2-nistp521,diffie-hellman-group-exchange-sha256,diffie-hellman-group-exchange-sha1,diffie-hellman-group14-sha1,diffie-hellman-group1-sha1;aes128-ctr,aes192-ctr,aes256-ctr,arcfour256,arcfour128,aes128-gcm@openssh.com,aes256-gcm@openssh.com,chacha20-poly1305@openssh.com,aes128-cbc,3des-cbc,blowfish-cbc,cast128-cbc,aes192-cbc,aes256-cbc,arcfour,rijndael-cbc@lysator.liu.se;hmac-md5-etm@openssh.com,hmac-sha1-etm@openssh.com,umac-64-etm@openssh.com,umac-128-etm@openssh.com,hmac-sha2-256-etm@openssh.com,hmac-sha2-512-etm@openssh.com,hmac-ripemd160-etm@openssh.com,hmac-sha1-96-etm@openssh.com,hmac-md5-96-etm@openssh.com,hmac-md5,hmac-sha1,umac-64@openssh.com,umac-128@openssh.com,hmac-sha2-256,hmac-sha2-512,hmac-ripemd160,hmac-ripemd160@openssh.com,hmac-sha1-96,hmac-md5-96;none,zlib@openssh.com,zlib"
alpine,edge,"openssh-client","7.8_p1-r0","SSH-2.0-OpenSSH_7.8",ec7378c1a92f5a8dde7e8b7a1ddf33d1,"0.4","curve25519-sha256,curve25519-sha256@libssh.org,ecdh-sha2-nistp256,ecdh-sha2-nistp384,ecdh-sha2-nistp521,diffie-hellman-group-exchange-sha256,diffie-hellman-group16-sha512,diffie-hellman-group18-sha512,diffie-hellman-group14-sha256,diffie-hellman-group14-sha1,ext-info-c;chacha20-poly1305@openssh.com,aes128-ctr,aes192-ctr,aes256-ctr,aes128-gcm@openssh.com,aes256-gcm@openssh.com;umac-64-etm@openssh.com,umac-128-etm@openssh.com,hmac-sha2-256-etm@openssh.com,hmac-sha2-512-etm@openssh.com,hmac-sha1-etm@openssh.com,umac-64@openssh.com,umac-128@openssh.com,hmac-sha2-256,hmac-sha2-512,hmac-sha1;none,zlib@openssh.com,zlib"
alpine,"3.7","openssh-client","7.5_p1-r8","SSH-2.0-OpenSSH_7.5p1-hpn14v4",0df0d56bb50c6b2426d8d40234bf1826,"0.4","curve25519-sha256,curve25519-sha256@libssh.org,ecdh-sha2-nistp256,ecdh-sha2-nistp384,ecdh-sha2-nistp521,diffie-hellman-group-exchange-sha256,diffie-hellman-group16-sha512,diffie-hellman-group18-sha512,diffie-hellman-group-exchange-sha1,diffie-hellman-group14-sha256,diffie-hellman-group14-sha1,ext-info-c;chacha20-poly1305@openssh.com,aes128-ctr,aes192-ctr,aes256-ctr,aes128-gcm@openssh.com,aes256-gcm@openssh.com,aes128-cbc,aes192-cbc,aes256-cbc;umac-64-etm@openssh.com,umac-128-etm@openssh.com,hmac-sha2-256-etm@openssh.com,hmac-sha2-512-etm@openssh.com,hmac-sha1-etm@openssh.com,umac-64@openssh.com,umac-128@openssh.com,hmac-sha2-256,hmac-sha2-512,hmac-sha1;none,zlib@openssh.com,zlib"
alpine,"3.6","openssh-client","7.5_p1-r2","SSH-2.0-OpenSSH_7.5p1-hpn14v4",0df0d56bb50c6b2426d8d40234bf1826,"0.4","curve25519-sha256,curve25519-sha256@libssh.org,ecdh-sha2-nistp256,ecdh-sha2-nistp384,ecdh-sha2-nistp521,diffie-hellman-group-exchange-sha256,diffie-hellman-group16-sha512,diffie-hellman-group18-sha512,diffie-hellman-group-exchange-sha1,diffie-hellman-group14-sha256,diffie-hellman-group14-sha1,ext-info-c;chacha20-poly1305@openssh.com,aes128-ctr,aes192-ctr,aes256-ctr,aes128-gcm@openssh.com,aes256-gcm@openssh.com,aes128-cbc,aes192-cbc,aes256-cbc;umac-64-etm@openssh.com,umac-128-etm@openssh.com,hmac-sha2-256-etm@openssh.com,hmac-sha2-512-etm@openssh.com,hmac-sha1-etm@openssh.com,umac-64@openssh.com,umac-128@openssh.com,hmac-sha2-256,hmac-sha2-512,hmac-sha1;none,zlib@openssh.com,zlib"
alpine,"3.5","openssh-client","7.4_p1-r1","SSH-2.0-OpenSSH_7.4",0df0d56bb50c6b2426d8d40234bf1826,"0.4","curve25519-sha256,curve25519-sha256@libssh.org,ecdh-sha2-nistp256,ecdh-sha2-nistp384,ecdh-sha2-nistp521,diffie-hellman-group-exchange-sha256,diffie-hellman-group16-sha512,diffie-hellman-group18-sha512,diffie-hellman-group-exchange-sha1,diffie-hellman-group14-sha256,diffie-hellman-group14-sha1,ext-info-c;chacha20-poly1305@openssh.com,aes128-ctr,aes192-ctr,aes256-ctr,aes128-gcm@openssh.com,aes256-gcm@openssh.com,aes128-cbc,aes192-cbc,aes256-cbc;umac-64-etm@openssh.com,umac-128-etm@openssh.com,hmac-sha2-256-etm@openssh.com,hmac-sha2-512-etm@openssh.com,hmac-sha1-etm@openssh.com,umac-64@openssh.com,umac-128@openssh.com,hmac-sha2-256,hmac-sha2-512,hmac-sha1;none,zlib@openssh.com,zlib"
alpine,"3.4","openssh-client","7.2_p2-r5","SSH-2.0-OpenSSH_7.2p2-hpn14v4",68e0ba85e1a818f7c49ea3f4b849bd15,"0.4","curve25519-sha256@libssh.org,ecdh-sha2-nistp256,ecdh-sha2-nistp384,ecdh-sha2-nistp521,diffie-hellman-group-exchange-sha256,diffie-hellman-group-exchange-sha1,diffie-hellman-group14-sha1,ext-info-c;chacha20-poly1305@openssh.com,aes128-ctr,aes192-ctr,aes256-ctr,aes128-gcm@openssh.com,aes256-gcm@openssh.com,aes128-cbc,aes192-cbc,aes256-cbc,3des-cbc;umac-64-etm@openssh.com,umac-128-etm@openssh.com,hmac-sha2-256-etm@openssh.com,hmac-sha2-512-etm@openssh.com,hmac-sha1-etm@openssh.com,umac-64@openssh.com,umac-128@openssh.com,hmac-sha2-256,hmac-sha2-512,hmac-sha1;none,zlib@openssh.com,zlib"
alpine,"3.3","openssh-client","7.2_p2-r3","SSH-2.0-OpenSSH_7.2p2-hpn14v4",68e0ba85e1a818f7c49ea3f4b849bd15,"0.4","curve25519-sha256@libssh.org,ecdh-sha2-nistp256,ecdh-sha2-nistp384,ecdh-sha2-nistp521,diffie-hellman-group-exchange-sha256,diffie-hellman-group-exchange-sha1,diffie-hellman-group14-sha1,ext-info-c;chacha20-poly1305@openssh.com,aes128-ctr,aes192-ctr,aes256-ctr,aes128-gcm@openssh.com,aes256-gcm@openssh.com,aes128-cbc,aes192-cbc,aes256-cbc,3des-cbc;umac-64-etm@openssh.com,umac-128-etm@openssh.com,hmac-sha2-256-etm@openssh.com,hmac-sha2-512-etm@openssh.com,hmac-sha1-etm@openssh.com,umac-64@openssh.com,umac-128@openssh.com,hmac-sha2-256,hmac-sha2-512,hmac-sha1;none,zlib@openssh.com,zlib"
